id,name,model_id:id,group_id:id,perm_read,perm_write,perm_create,perm_unlink
access_ai_provider_user,ai.provider.user,model_ai_provider,group_otomater_ai_user,1,0,0,0
access_ai_provider_admin,ai.provider.admin,model_ai_provider,group_otomater_ai_admin,1,1,1,1
access_ai_conversation_user,ai.conversation.user,model_ai_conversation,group_otomater_ai_user,1,1,1,1
access_ai_conversation_admin,ai.conversation.admin,model_ai_conversation,group_otomater_ai_admin,1,1,1,1
access_ai_message_user,ai.message.user,model_ai_message,group_otomater_ai_user,1,1,1,0
access_ai_message_admin,ai.message.admin,model_ai_message,group_otomater_ai_admin,1,1,1,1
access_ai_audit_log_user,ai.audit.log.user,model_ai_audit_log,group_otomater_ai_user,0,0,0,0
access_ai_audit_log_admin,ai.audit.log.admin,model_ai_audit_log,group_otomater_ai_admin,1,0,1,0
access_ai_pending_action_user,ai.pending.action.user,model_ai_pending_action,group_otomater_ai_user,1,1,1,0
access_ai_pending_action_admin,ai.pending.action.admin,model_ai_pending_action,group_otomater_ai_admin,1,1,1,1
access_ai_agent_user,ai.agent.user,model_ai_agent,group_otomater_ai_user,1,0,0,0
access_ai_agent_admin,ai.agent.admin,model_ai_agent,group_otomater_ai_admin,1,1,1,1
access_ai_prompt_user,ai.prompt.user,model_ai_prompt,group_otomater_ai_user,1,1,1,0
access_ai_prompt_admin,ai.prompt.admin,model_ai_prompt,group_otomater_ai_admin,1,1,1,1
access_ai_scheduled_agent_admin,ai.scheduled.agent.admin,model_ai_scheduled_agent,group_otomater_ai_admin,1,1,1,1
access_ai_knowledge_document_user,ai.knowledge.document.user,model_ai_knowledge_document,group_otomater_ai_user,1,1,1,0
access_ai_knowledge_document_admin,ai.knowledge.document.admin,model_ai_knowledge_document,group_otomater_ai_admin,1,1,1,1
access_ai_knowledge_chunk_user,ai.knowledge.chunk.user,model_ai_knowledge_chunk,group_otomater_ai_user,1,1,1,1
access_ai_knowledge_chunk_admin,ai.knowledge.chunk.admin,model_ai_knowledge_chunk,group_otomater_ai_admin,1,1,1,1
access_ai_api_key_user,ai.api.key.user,model_ai_api_key,group_otomater_ai_user,1,1,1,1
access_ai_api_key_admin,ai.api.key.admin,model_ai_api_key,group_otomater_ai_admin,1,1,1,1
access_ai_telegram_config_admin,ai.telegram.config.admin,model_ai_telegram_config,group_otomater_ai_admin,1,1,1,1
access_ai_telegram_user_user,ai.telegram.user.user,model_ai_telegram_user,group_otomater_ai_user,1,1,1,1
access_ai_telegram_user_admin,ai.telegram.user.admin,model_ai_telegram_user,group_otomater_ai_admin,1,1,1,1
access_ai_whatsapp_config_admin,ai.whatsapp.config.admin,model_ai_whatsapp_config,group_otomater_ai_admin,1,1,1,1
access_ai_whatsapp_user_user,ai.whatsapp.user.user,model_ai_whatsapp_user,group_otomater_ai_user,1,1,1,1
access_ai_whatsapp_user_admin,ai.whatsapp.user.admin,model_ai_whatsapp_user,group_otomater_ai_admin,1,1,1,1
access_ai_model_mapping_user,ai.model.mapping.user,model_ai_model_mapping,group_otomater_ai_user,1,0,0,0
access_ai_model_mapping_admin,ai.model.mapping.admin,model_ai_model_mapping,group_otomater_ai_admin,1,1,1,1
